{"regole": [
  {
    "eseguito": false,
    "stato": true,
    "ripetibile": false,
    "azione": {
      "tipo": "FinestraDialogo",
      "testoUtente": "aaa"
    },
    "nome": "a",
    "ID": 1,
    "trigger": {
      "tipo": "TempoDelGiorno",
      "tempo": "13:13"
    }
  },
  {
    "eseguito": false,
    "stato": true,
    "ibernazione": "PT87H16M",
    "ripetibile": true,
    "azione": {
      "tipo": "FinestraDialogo",
      "testoUtente": "bbb"
    },
    "nome": "b",
    "ID": 2,
    "trigger": {
      "tipo": "TempoDelGiorno",
      "tempo": "09:15"
    }
  }
]}